,Question,Answer
0,كم عدد سور القرآن الكريم؟, 114
1,في أي الأيام خلق سيدنا آدم عليه السلام؟, يوم الجمعة
2,كم عدد السنوات التي نام فيها أهل الكهف؟, 309 سنوات
3,اسم أول صحابي قرأ القرآن جهرة؟, عبد الله بن مسعود
4,من هي أخر زوجات النبي التي توفيت؟, السيدة أم سلمة
5,سورة قصيرة من قرأها ثلاثا فكأنما قرأ كل القرآن؟, سورة الإخلاص
6,كم مرة حج محمد رسول الله عليه الصلاة والسلام؟, مرة واحدة
7,ما هي غزوة الفرقان؟, غزوة بدر
8,ما هي السورة التي تسمى بقلب القرآن؟, سورة يس
9,في أي عام تم فرض فريضة الصيام؟, العام الثاني من الهجرة
10,كم كان عمر النبي محمد صلى الله عليه وسلم عندما توفيت أمه؟, 5 سنوات
11,ما هي أطول سورة في القرآن الكريم؟, سورة البقرة
12,الشهر الثالث في التقويم الهجري؟, ربيع الأول
13,ما السورة التي ختمت باسم وقت من أوقات الصلاة؟, سورة القدر
14,كم عدد التكبيرات في الركعة الأولى في صلاة العيد؟, سبعة
15,في أي جهة يقع باب الكعبة المشرفة؟, في الجهة الشرقية من الكعبة
16,كم عدد مصارف الزكاة؟, ثمانية
17,كم مرة ذكرت السيدة مريم في القرآن الكريم؟, 34 مرة
18,قال تعالى في سورة العاديات: ( فالمغيرات صبحا (3)) ماالمقصود بالمغيرات؟, الخيل
19,ما هي أعظم آية في القرآن الكريم؟, آية الكرسي
20,أحد هؤلاء الصحابة من العشرة المبشرين بالجنة؟, سعد بن أبي وقاص
21,في أي سنة هجرية كانت غزوة أحد؟, السنة الثالثة للهجرة
22,من هي النصرانية التي أسلمت ثم تزوجها النبي صلى الله عليه وسلم؟, مارية القبطية
23,من هو النبي الذي أرسل الى قوم ثمود؟, صالح
24,ما عدد أحزاب القرآن الكريم؟, 60 حزبا
25,قال تعالى في سورة المدثر: (والرجز فاهجر (5)) ما المقصود بالرجز؟, الأوثان
26,قال تعالى: (والصافات صفا * فالزاجرات زجرا) ما المقصود بالزاجرات؟, الملائكة
27,من هو الصحابي الذي كانت تستحي منه ملائكة السماء؟, عثمان بن عفان
28,ما اسم السورة التي تنتهي آياتها بحرف السين؟, الناس
29,كم عدد السور التي ابتدأت بالحروف المقطعة (الم), ستة سور
30,ما هو عدد حملة العرش يوم القيامة والمذكورين في القرآن الكريم؟, ثمانية
31,أين ذكرت الآية الكريمة: ( وما آتاكم الرسول فخذوه وما نهاكم عنه فانتهوا)؟, سورة الحشر
32,ما هي السورة التي يطلق عليها أم الكتاب؟, سورة الفاتحة
33,كم شخص اشترك في قتل ناقة النبي صالح عليه السلام؟, تسعة أشخاص
34,من الذي لقب الرسول الكريم بالطيب المطيب؟, عمار بن ياسر
35,في أي سورة وردت الآية: (يمحق الله الربا ويربي الصدقات والله لا يحب كل كفار أثيم)؟, البقرة
36,في أي سورة وردت الآية التالية (ولبثوا في كهفهم ثلاث مئة سنين وازدادوا تسعا)؟, سورة الكهف
37,من هو النبي الذي دعا ربه (توفني مسلما وألحقني بالصالحين)؟, يوسف عليه السلام
38,ما هي الرادفة؟, النفخة الثانية في البوق
39,السورة التي ابتدأت بالحرفين المقطعين (طس)؟, سورة النمل
40,ما هي السورة التي تسمى سورة التوديع؟, سورة النصر
41,الشهر الثامن في التقويم الهجري؟, شعبان
42,كم عدد السور التي افتتحت بثلاثة أحرف؟, 13 سورة
43,كم عدد آيات سورة البقرة؟, 286 آية
44,من أسماء الخيل التي ذكرت في القرآن الكريم؟, العاديات
45,كم عدد القراءات الصحيحة للقرآن الكريم؟, 10 قراءات
46,كم مرة اعتمر النبي صلى الله عليه وسلم؟, أربع عمرات
47,ما اسم أخو يوسف عليه السلام من أمه وأبيه؟, بنيامين
48,قام أحدهم بمبادلة صاع من القمح الجيد بصاعين من القمح الرديء لشخص آخر ما حكم هذه المبادلة؟, ربا الفضل
49,في أي عام هجري وقعت غزوة خيبر؟, 7 هجري
50,كم عدد الأنبياء الذين ذكروا في سورة الأنبياء؟, 16 نبي
51,ما هو الاسم الذي يطلق على الزيادة في الدين نظير الأجل أو الزيادة فيه؟, ربا النسيئة
52,ما هي السورة التي لا تبدأ بالبسملة؟, التوبة
53,من أول من ألف في أحكام القرآن؟, الامام الشافعي
54,في أي سورة ذكرت قصة قابيل وهابيل؟, سورة المائدة
55,ما اسم الزوجة الثالثة بالترتيب التي تزوجها النبي صلى الله عليه وسلم؟, عائشة بنت أبي بكر الصديق
56,من من الخلفاء الراشدين كان الأكبر سنا عندما لقي ربه؟, عثمان بن عفان
57,من أول من لقب بأمير المؤمنين؟, عمر بن الخطاب
58,يجب اخراج الزكاة من الذهب اذا كان يبلغ النصاب الشرعي وهو؟, 85 غراما
59,ماذا لقب ابراهيم عليه السلام؟, الخليل
60,أين وردت الآية الكريمة ( أقم الصلاة لدلوك الشمس إلى غسق الليل وقرآن الفجر إن قرآن الفجر كان مشهودا)؟, سورة الاسراء
61,من هو الصحابي الذي كان جبريل يأتي على هيئته؟, دحية الكلبي
62,من هو الصحابي الملقب بأبي تراب؟, علي بن أبي طالب
63,أول زوجات النبي صلى الله عليه وسلم لحوقا به بعد وفاته؟, زينب بنت جحش
64,كم كان عمر الرسول صلى الله عليه وسلم عندما بعث نبيا ورسولا للإسلام؟, أربعون عاما
65,ما هي السورة التي وردت فيها غزوة أحد وغزوة بدر؟, سورة آل عمران
66,ما هو العام الهجري الذي احتفل فيه المسلمين بعيد الفطر وعيد الأضحى المبارك؟, العام الثاني
67,ما هو أول الأيام التي خلقها الله تعالى؟, يوم الأحد
68,ما هي السورة الوحيدة في القرآن الكريم التي لا تحتوي على حرف الميم؟, سورة الكوثر
69,من هي آسيا؟, زوجة فرعون
70,ما هي أول صلاة صلاها الرسول صلى الله عليه وسلم؟, صلاة الظهر
71,كم مرة ذكر اسم الرسول محمد صلى الله عليه وسلم في القرآن؟, 4 مرات
72,من هو النبي الذي آمن به جميع قومه؟, يونس عليه السلام
73,من هو أول صحابي حيّا الرسول صلى الله عليه وسلم بتحية الإسلام؟, أبو ذر الغفاري
74,قال تعالى: (وزرابي مبثوثة) سورة الغاشية (16)، المقصود بـ(زرابي)؟, الطنافس 
75,أقسم الله عزوجل بالتين والزيتون كناية عن الأرض التي تزرع فيها ومهبط الرسالات السماوية وهي أرض؟, فلسطين
76,بدأت سورة الشعراء بعد البسملة بثلاثة حروف هي؟, طسم
77,اذا ضرب المسلم أخاه المسلم ونتج عن ذلك فقدانه للنطق فمقدار الدية التي يجب عليه دفعها في الشريعة الإسلامية هي؟, دية النفس كاملة
78,من قائد المسلمين في معركة القادسية؟, سعد بن أبي وقاص
79,الغزوة التي تسمى غزوة أوطاس أيضا هي غزوة؟, حنين
80,ما أكثر سورة تكرر فيها اسم الرحمن؟, سورة مريم
81,قرية أخبر الرسول صلى الله عليه وسلم أنها (آخر قرية من قرى الإسلام خرابا) فما هي؟, المدينة المنورة
82,من هي ثاني إمرأة دخلت الإسلام؟, أم الفضل زوجة العباس 
83,صحابي قال له النبي صلى الله عليه وسلم (أن الله مقمصمك قميصا فإن أرادك المنافقون على خلعه فلا تخلعه) فمن هو؟, عثمان بن عفان
84,كم ورد لفظ (لؤلؤ واللؤلؤ) في القرآن الكريم؟, ست مرات
85,اذا ضرب المسلم أخيه المسلم ونتج عن ذلك فقدان للبصر لأحدى عينيه فيجب عليه أن يسلم له؟, نصف الدية
86,الدعاء (بسم الله والصلاة والسلام على رسول الله وعلى آله، اللهم اغفر ذنوبي وافتح لي أبواب رحمتك) يستحب للمسلم أن يدعو به عند؟, دخول المسجد
87,كم مرة وردت كلمة (تلاوة) في القرآن الكريم؟, مرة واحدة
88,صحابي قال له الرسول صلى الله عليه وسلم: ( تمشي وحدك وتموت وحدك وتبعث وحدك) فمن هو؟, أبو ذر الغفاري
89,قال تعالى: (ننزل الملائكة والروح فيها بإذن ربهم) سورة القدر(4) المقصود بـ(الروح) هو؟, جبريل
90,من الذي عقد مع رسول الله صلى الله عليه وسلم صلح الحديبية عن قريش؟, سهيل بن عمرو
91,كم كان عمر النبي صلى الله عليه وسلم حين وفاة زوجته خديجة بنت خويلد رضى الله عنها؟, 51 عاما
92,ما آخر سورة نزلت في مكة؟, المرسلات
93,كم ورد لفظ (الصمد) في القرآن الكريم؟, مرة واحدة
94,في عهد من من خلفاء المسلمين وقعت معركة اليرموك؟, عمر بن الخطاب
95,متى توفيت أم المؤمنين زينب بنت جحش رضى الله عنها؟, سنة 20 هجرية
96,ما هو الشئ الذي كان النبي صلى الله عليه وسلم لا يرده؟, الطيب
97,كم وردت كلمة (أف) في القرآن الكريم ؟, ثلاث مرات
98,القائد المسلم الذي فتح مدينة تدمر الأثرية هو؟, خالد بن الوليد
99,في أي عام فرضت زكاة الفطر؟, عام 2 هجرية
100,قال تعالى: (ولا طعام إلا من غسلين) سورة الحاقة (36)، ما المقصود بـ(غسلين)؟, القيح والصديد
101,من هو أول شهيد في غزوة أحد؟, عبدالله بن حرام
102,كم ورد لفظ (الكعبة) في القرآن الكريم؟, مرتان
103,من الذي دخل النبي صلى الله عليه وسلم في جواره حين عاد من الطائف؟, المطعم بن عدي
104,كم ورد لفظ (الكهف) في القرآن الكريم؟, ست مرات
105,كم عدد خلفاء الدولة العباسية؟, 37 خليفة
106,من الصحابي الذي وطأ الجنة بعرجته؟, عمرو بن الجموح
107,ما هو الإسم الأخر التي تسمى به سورة الزمر؟, سورة الغرف
108,من أول من ركب الخيل؟, اسماعيل عليه السلام
109,ما هي أصغر سورة في القرآن الكريم؟, الكوثر
110,من أول من سعى بين الصفا والمروة؟, هاجر
111,كم عدد مفاتيح الغيب التي لا يعلم بها الا الله سبحانه وتعالى؟, خمسة مفاتيح
112,من أول من توفت من بنات الرسول صلى الله عليه وسلم؟, السيدة رقية
113,من هي زوجة الخليفتين وصاحبة الهجرتين ومصلية القبلتين وزوجة الشهيدين؟, أسماء بنت عميس
114,مرشد الرسول صلى الله عليه وسلم وأبو بكر رضى الله عنه أثناء الهجرة هو؟, عبدالله بن إريقط
115,من هو سيف الله المسلول؟, خالد بن الوليد
116,من هو الصحابي الذي ورد اسمه صريحا في القرآن الكريم؟, زيد بن الحارثة
117,سورة تحدثت عن غزوة حنين؟, سورة التوبة
118,ما هو اسم السورة التي تحدثت عن العقاب الذي ينتظر أبو لهب؟, سورة المسد
119,على من أنزل الزبور؟, داوود عليه السلام
120,كم عدد الكتب السماوية التي أنزلها الله تعالى؟, 5 كتب
121,ما هو الركن الثاني من أركان الإسلام؟, إقام الصلاة
122,ما اسم النبي الذي تمنى أن يموت؟, يوسف عليه السلام
123,ما هو الحيوان الذي ارتبط اسمه بسيدنا صالح عليه السلام؟, الناقة
124,ما اسم السورة التي تحدثت عن غزوة أحد؟, سورة آل عمران
125,من هو أول رسول من الله يسمى بالأحمد؟, محمد صلى الله عليه وسلم
126,ما هو العام الهجري الذي احتفل فيه المسلمين بعيد الفطر وعيد الأضحى المبارك؟, العام الثاني
127,كم مرة ذُكر اسم الرسول محمد صلى الله عليه وسلم في القرآن؟, 4 مرات
128,من هو الملقب بـ أسد الله الغالب؟, علي بن أبي طالب
129,من هو أول مولود في الإسلام؟, عبد الله بن عمر بن الخطاب
130,من هو قائد المسلمين في معكرة القادسية؟, سعد بن أبي وقاص
131,كيف أهلك الله قوم لوط؟, بحجارة مسومة
132,ما أكثر سورة تكرر فيها اسم الرحمن؟, سورة مريم
133,ما هي عدد المرات التي ورد فيها ذكر النار في المصحف الشريف؟, 126 مرة
134,من هو أول صحابي حيّا الرسول صلى الله عليه وسلم بتحية الإسلام؟, أبو ذر الغفاري
135,ماهي السورة التي تسمي القتال؟, سورة محمد
136,من هي آسيا؟, زوجة فرعون
137,ما هي السورة القرآنية التي يبكي فيها الشيطان عند سماعها؟, سورة السجدة
138,من أول من أسلم من الرجال؟, أبو بكر الصديق
139,متى فتحت مكة المكرمة؟, 8 هـ
140,ما هو الركن الثاني من أركان الاسلام؟, إقام الصلاة
141,أفضل طعام أشار له القرآن الكريم؟, العسل
142,من هم أكثر الأقوام عنادا مع أنبيائهم؟, اليهود
143,في أي سورة ذكر شهر رمضان في القرآن؟, سورة البقرة
144,من هو الذي كانت تستحي منه ملائكة السماء؟, عثمان بن عفان
145,ما هو الحج الأصغر؟, العمرة
146,ما اسم الصحابي الجليل الذي نزل الرسول صلى الله عليه وسلم ضيفا في بيته؟, أبو أيوب الانصاري
147,ما هي أول صلاة فرضت على الرسول محمد صلى الله عليه وسلم؟, صلاة الظهر
148,قال تعالى: (ماودعك ربك وما قلى) سورة الضحى، ما المقصود بـ (ما قلى)؟, ما ابغضك
149,من هو النبي الذي كان ابنه كافرا؟, نوح عليه السلام
150,كم عدد الصلوات المفروضة في اليوم والليلة؟, 5 صلوات
151,إلى أين كانت هجرة الرسول صلى الله عليه وسلم؟, مكة
152,كم عدد سور القران الكريم؟, 114
153,من هو النبي الذي ولد دون أب؟, عيسى عليه السلام
154,ما هي السورة سميت بقلب القرآن؟, سورة يس
155,هل يجوز شرب الماء في الصوم؟, لا ، لا يجوز أكل أو شرب أي شيء أثناء الصيام
156,ما هو اتجاه المسلمين في أداء الصلاة؟, الكعبة (مكة المكرمة)
157,متى يصوم المسلمون شهرا؟, في شهر رمضان
158,كم عدد أجزاء القرآن؟, 30
159,ما هي أطول سورة في القرآن الكريم؟, سورة البقرة
160,كم عدد الأنبياء الذين ورد ذكرهم في القرآن الكريم؟, 25
161,ما هي أطول سورة في القرآن الكريم؟, سورة البقرة
162,من أول من قال الشعر؟, آدم عليه السلام
163,ما الاسم الذي اطلق على الذين آمنوا بعيسى عليه السلام؟, الحواريون
164,في أي سنة هجرية توفي الرسول صلى الله عليه وسلم؟, 11 هـ
165,من هو أكثر الصحابة رواية للحديث؟, أبو هريرة
166,كم دامت خلافة أبو بكر الصديق رضي الله عنه؟, سنتين
167,ما هي الهيجاء؟, الحرب
168,من هو النبي الذي صام عن الكلام ثلاثة أيام؟, زكريا عليه السلام
169,أول جبل وضع في الأرض هو؟, جبل أبي قيس في مكة
170,من هو البخاري؟, محمد بن اسماعيل البخاري
171,ما أقصر سورة في القرآن الكريم؟, الكوثر
172,قال الرسول صلى الله عليه وسلام: (لا يدخل الجنة قتات)، فمن هو القتات؟, النمام
173,على لسان من ورد قوله تعالى: (ليتني مت قبل هذا وكنت نسيا منسيا)؟, مريم
174,ما هي عدة الأرملة غير الحامل؟, أربعة أشهر وعشرة أيام
175,ما هي السورة التي استمع لها الجن وقالوا سمعنا قرآنا عجبا؟, الجن
176,ما هي أهمية الزكاة في الإسلام؟, الزكاة مهمة جدًا لدرجة أنها تشكل الركن الثالث للإسلام
177,متى فتحت مكة المكرمة؟, 8 هـ
178,قال تعالى في سورة البروج: (والسماء ذات البروج(1) واليوم الموعود) ما هو اليوم الموعود؟, يوم القيامة
179,من الصحابة العشر المبشرين بالجنة؟, عثمان بن عفان
180,ما السورة التي ذكرت فيها قصة هابيل وقابيل؟, سورة المائدة
181,من هو أول نبي تكلم اللغة العربية؟, اسماعيل عليه السلام
182,ما هو لقب حمزة بن عبدالمطلب؟, أسد الله
183,من هي آخر زوجة تزوجها الرسول صلى الله عليه وسلم؟, ميمونة بنت الحارث
184,كم مرة حج الرسول صلى الله عليه وسلم؟, مرة واحدة
185,"في أي سورة ورد اسم يوم القيامة ""الطامة""؟", النازعات
186,ما هو الشيء الذي ورد في القرآن أنه يتنفس ولا روح له؟, الصبح
187,ماذا كان اسم ناقة الرسول صلى الله عليه وسلم؟, القصواء
188,ما هي الغزوة التي تمّ فيها أسر الشيماء شقيقة الرسول -صلى الله عليه وسلم- في الرضاعة؟, غزوة حُنين
189,من هو المولود الأول في الإسلام؟, عبد الله بن عمر بن الخطاب
190,ما المهنة التي عمل بها الرسول صلى الله عليه وسلم؟, مهنة التجارة والرعي
191,من هو أول نبي نزل إلى الأرض؟, سيدنا آدم
192,ما هو دعاء سيدنا يونس عليه السلام وهو في بطن الحوت؟," ""لا إله إلا أنت سبحانك إني كنت من الظالمين"""
193,ما هي السورة التي تعرف بقلب القرآن؟, سورة يس
194,من النبي الذي كان يسمى بشرى؟, ذا الكفل عليه السلام
195,في أي سنة هجرية شرع الله -سبحانه وتعالى- صيام شهر رمضان على المسلمين؟, السنة الثانية للهجرة
196,من هو الصحابي الذي اهتز عرش الرحمن لموته؟, سعد بن معاذ
197,ما اسم زوجة فرعون؟, آسيا
198,لمن أرسل النبي هود؟, عاد
199,ما هو أكبر رقم في القرآن الكريم؟, مائة ألف
200,في أي يوم خُلق سيدنا آدم عليه السلام؟, يوم الجمعة
201,كم مرة ذُكر اسم الرسول محمد صلى الله عليه وسلم في القرآن؟, 4 مرات
202,من هي آسيا؟, زوجة فرعون
203,كم عدد السجدات في القرآن الكريم؟, 15 سجدة
204,من هو النبي الذي آمن به جميع قومه؟, يونس عليه السلام
205,ما هي المدة التي نام فيها أهل الكهف؟, 309 سنة
206,ماذا يقصد بالشرك الأصغر؟, الرياء
207,من هو النبي الذي لقب بالصديق؟, يوسف عليه السلام
208,كم عدد الأشهر الحرم؟, أربعة أشهر
209,متى فتحت مكة المكرمة؟, 8 هـ
210,من هو النبي الذي كانت تسبح معه الملائكة؟, أيوب عليه السلام
211,ماهي الآيات العشر التي تعصم من قرأها من المسيح الدجال؟, أوائل سورة الكهف
212,ما اسم ناقة الرسول صلى الله عليه وسلم؟, القصواء
213,ماهي السورة التي تبدأ بالحرف المتقطع (ن)؟, سورة القلم
214,من أسماء ملائكة العذاب التي ذكرت في سورة العلق؟, الزبانية
215,ما اسم الزوجة الثالثة بالترتيب التي تزوجها النبي صلى الله عليه وسلم؟, عائشة بنت أبي بكر الصديق
216,كم عدد السور التي ابتدأت بالحروف المقطعة (الر)؟, خمس سور
217,ماهي السورة التي لا يوجد بها بسملة؟, التوبة
218,ما هي أرض مهد الأديان السماوية التي أقسم الله عليها؟, فلسطين
219,كم بوابة للجنة؟, ثمانية أبواب
220,قوم أي من الأنبياء كانوا يعبدون الأيكة؟, شعيب عليه السلام
221,الملك الموكل بالنفخ في البوق هو؟, اسرافيل
222,في أي سنة كانت غزوة الخندق؟, السنة الخامسة للهجرة
223,كم عدد الأنبياء الذين ذكروا في القرآن الكريم؟, 25 نبيا
224,كم شخص اشترك في قتل ناقة النبي صالح عليه السلام؟, تسعة
225,من هو مؤلف كتاب الطب النبوي؟, ابن قيم الجوزية
226,في أي غزوة استشهد الصحابي عبدالله بن رواحة؟, غزوة مؤتة
227,كم عدد التكبيرات في الركعة الأولى في صلاة العيد؟, سبع تكبيرات
228,من الصحابي الذي اشترى بئر رومة في المدينة من اليهودي ووهبه للمسلمين؟, عثمان بن عفان
229,أي عم للرسول صلى الله عليه وسلم مات شهيدا؟, حمزة بن عبدالمطلب
230,ماهي السورة التي ذكر فيه اسم مسجدين؟, الإسراء
231,السورة التي بدأت بلفظ (سورة)؟, سورة النور
232,قال تعالى في سورة الواقعة الآية (28): (في سدر مخضود)، مامعنى مخضود؟, لا شوك فيه
233,من هي آخر من توفى من زوجات الرسول صلى الله عليه وسلم؟, أم سلمة رضي الله عنها
234,بماذا كان يكنى الرسول صلى الله عليه وسلم؟, أبو القاسم
235,من هي النصرانية التي أسلمت ثم تزوجها النبي صلى الله عليه وسلم؟, ماريا القبطية
236,ما أول سورة نزلت في مكة؟, العلق
237,من هو النبي الذي لقب بذي النون؟, يونس عليه السلام
238,كم سورة من سور القرآن الكريم بدأت بحروف مقطعة؟, 29 سورة
239,كم عدد الملائكة الذين قاتلوا مع الرسول صلى الله عليه وسلم والمسلمين في بدر؟, خمسة آلاف ملك
240,من هو الذي خسف الله به الأرض؟, قارون
241,من أول من أكرم الضيف وأضافه؟, ابراهيم عليه السلام
242,كم سورة من سور القرآن تبدأ بالاستفهام؟, 6 سور
243,من هو أول من بايع أبا بكر الصديق رضي الله عنه من الأنصار يوم السقيفة؟, بشير بن سعد الأنصاري
244,ما هي كنية سعد بن أبي وقاص؟, أبا إسحاق
245,من هو النبي الذي آمن به جميع قومه؟, يونس عليه السلام
246,كم عدد بنات الرسول صلى الله عليه وسلم؟, أربعة
247,ما هي السورة الخالية من البسملة؟, سورة التوبة
248,كم مرة يدفع المسلمون الزكاة؟, سنويا
249,من هو آخر الأنبياء وخاتمهم؟, النبي محمد عليه الصلاة والسلام
250,متى فُرِض الصيام على المسلمين؟, في العام الثاني من الهجرة
251,ما هي أطول سورة في القرآن؟, سورة البقرة
252,كم عدد السور المدنية في القرآن الكريم؟, 28 سورة
253,ما هي معجزة سيدنا صالح عليه السلام؟, الناقة
254,ما هي مهنة سيّدنا محمد ﷺ قبل بعثته؟, الرعي والتجارة
255,كم عدد الأشهر الحُرُم؟, أربعة أشهر
256,من هو أوَّل من أسلم من الرِّجال في الإسلام؟, أبو بكر الصدِّيق رضِي الله عنه
257,بماذا لقب سيدنا لُقمان؟, الحكيم
258,من أول من سعى بين الصفا والمروة؟, هاجر
259,من أول من نادى بالحج إلى بيت الله الحرام؟, إبراهيم عليه السلام
260,كم كان عمر الرسول عندما نزل عليه الوحي؟, أربعين سنة
261,ما هي آخر غزوة شارك فيها الرسول صلى الله عليه وسلم؟, غزوة تبوك
262,ما هي السورة التي ذكر ضمن اياتها بسم الله الرحمن الرحيم؟, سورة النمل
263,من هي الصحابية الجليلة الملقبة بذات النطاقين؟, أسماء بنت أبي بكر
264,ما هي السورة الوحيدة في القرآن الكريم التي لا تحتوي على حرف الميم؟, سورة الكوثر
265,من هو الملقب بـ أسد الله الغالب؟, علي بن أبي طالب
266,ما هي زوجة أحد الرسل التي تسمى “والهة”؟, امرأة لوط
267,أين يوجد البيت المعمور؟, في السماء
268,ما الصلاة التي يركع المصلي ويسجد فيها أربع مرات؟, صلاة الخسوف والكسوف
269,من هو الصحابي الجليل الذي اهتز عرش رب العالمين عند وفاته؟, سعد بن معاذ
270,ما أول عملة شاع استخدامها في الدولة الإسلامية؟, الدينار
271,ماهي السورة التي كانت السبب في إسلام سيدنا عمر بن الخطاب – رضي الله عنه – ؟, سورة طه
272,ما هو الدعاء الذي وصى به الرسول صلى الله عليه وسلم في ليلة القدر؟," ""اللهم إنك عفو تحب العفو فاعفو عنا"""
273,من هو الصحابي الذي كانت تستحي منه الملائكة؟, عثمان بن عفان رضي الله عنه
274,كم عدد السور القرآنية التي بدأت بثلاث حروف؟, 13 سورة
275,ما هي السورة التي يُطلق عليها ” جميع بنات حواء”؟, سورة النساء
276,من هو آخر صحابي توفي من الصحابة؟, أنس بن مالك
277,ما اسم زوجة فرعون؟, آسيا
278,من هو أول صحابي حيا الرسول صلى الله عليه وسلم بتحية الإسلام؟, أبو ذر الغفاري
279,من هو أول من ركب الخيل؟, إسماعيل عليه السلام
280,كم سورة من سور القرآن الكريم تبدأ بالإستفهام؟, ست سور
281,بماذا تسمى سورة الكهف؟, الحائلة
282,ما حكم قراءة القرآن بأحكام التجويد؟, واجبة
283,ما السورة التي عرفت باسم سورة العبادة؟, سورة الكافرون
284,كم مرة ذكرت الشمس في القرآن الكريم؟, 32 مرة
285,ماهو أول رقم ذكر في القران الكريم؟, سبع
286,متى شرع الآذان؟, 1 هـ
287,ما أول سورة قرأها عمر بن الخطاب رضي الله عنه؟, سورة طه
288,ما الحيوان البحري الذي ذكر في سورة الصافات؟, الحوت
289,كم نبي ذكر في سورة الأنبياء؟, 16
290,( المصدود ) لفظ يطلق على؟, من منع من الحج
291,في أي عام حدثت غزوة الخندق الشهيرة؟, 5 هـ
292,من أول من لحق بالنبي محمد – صلى الله عليه وسلم – عقب وفاته من ذويه؟, فاطمة
293,ما الصلاة التي يركع المصلي ويسجد فيها أربع مرات؟, صلاة الخسوف والكسوف
294,نبي من انبياء الله – عز وجل – ، كان يطلق عليه ( بشرى ) فمن هو؟, ذا الكفل عليه السلام
295,ماذا كانت عائشة رضي الله عنها بالنسبة إلى الرسول محمد صلى الله عليه وسلم؟, زوجته
296,من هو أول من قام بتصنيف تفسير خاص بالقرآن العظيم بواسطة الإسناد؟, مالك بن أنس
297,أي أداة من الأدوات الآتية قام قابيل بقتل أخيه هابيل بواسطتها؟, فك الحمار
298,كم مرة تم ذكر لفظ ( الجنة ) في آيات القرآن الكريم؟, 66 مرة
299,من الفاتح الإسلامي الذي لقب بـ: ( فاتح الصين )؟, قتيبة بن مسلم
300,أين عاش زكريا عليه السلام؟, في فلسطين
301,من صاحب هذا الدعاء: (رب اشرح لي صدري (25) ويسر لي أمري)، (طه، 25و26)؟, موسى عليه السلام
302,هل تجب صلاة الجمعة على المسافر؟, لا
303,ما نصيب الزوجة إن مات زوجها ولم يكن لها ولد؟, الربع
304,كم أخا كان ليوسف عليه السلام؟, 11 أخا
305,ما أول سورة في المصحف ذكر فيها نبي الله صالح؟, سورة الأعراف
306,من أول نبي ذكرت قصته في القرآن الكريم؟, آدم عليه السلام
307,من هو قائد أول غزوة بعد موت الرسول صلى الله عليه وسلم؟, أسامة بن زيد
308,في أي سورة وردت قصة قارون؟, سورة القصص
309,لمن أرسل النبي هود؟, عاد
310,"كم مرة تكررت الآية: ""فبأي آلاء ربكما تكذبان""؟", 31 مرة
311,من الصحابي الذي دافع عن النبي صلى الله عليه وسلم في معركة أحد حتى شلت يمينه؟, طلحة بن عبيد الله
312,ما هي السورة التي كانت سببا في إسلام عمر بن الخطاب رضي الله عنه؟, سورة طه
313,ماذا تعني النفاثات في العقد؟, النساء الساحرات
314,من هو ترجمان القرآن وحبر الأمة؟, عبدالله بن عباس
315,"ما هي السورة التي تنتهي بقوله تعالى: ""واعبد ربك حتى يأتيك اليقين""؟", سورة الحجر
316,ما هي السورة التي تقع بين سورتي يوسف وابراهيم؟, سورة الرعد
317,أين يوجد جامع الزيتون؟, في تونس
318,من هو جندب من جنادة؟, أبو ذر الغفاري
319,في أي من السور التالية تقع أقصر آية؟, سورة الرحمن
320,من هو الصحابي الملقب بسيد الفوارس؟, أبو موسى الأشعري
321,ما اسم أول غزوة للمسلمين ضد اليهود؟, غزوة بني القينقاع
322,ما الإسم الذي يطلق على الذين آمنوا بعيسى عليه السلام؟, الحواريون
323,ما هو مقدار زكاة الثمار والزرع في حالة الري دون كلفة؟, العشر
324,ما هي السورة التي تبدأ ب (المر)؟, سورة الرعد
325,ما هي عدة المرأة الغير حامل؟, 4 أشهر و 10 أيام
326,من أي أبواب الجنة يدخل الصائمون يوم القيامة؟, الريان
327,ما هي السورة التي عدد آياتها 206؟, الأعراف
328,كم عدد السور التي تبدأ ب(حم)؟, 7 سور
329,من هن الأيامى؟, لا أزواج لهن
330,أين يوجد جامع الزيتون؟, تونس
331,في أي من السور التالية تقع أقصر آية؟, الرحمن
332,ما اسم أول غزوة للمسلمين ضد اليهود؟, غزوة بني القينقاع
333,من هو أول من حصل على لقب سيد الشهداء؟, حمزة بن عبدالمطلب
334,ما هو مقدار زكاة الثمار والزرع في حالة الري دون كلفة؟, العشر
335,من هي آخر زوجة تزوجها الرسول صلى الله عليه وسلم؟, ميمونة بنت الحارث
336,ما هي السورة التي عدد آياتها 206؟, الأعراف
337,من هو الصحابي الذي أجهز على أبي جهل يوم بدر؟, عبدالله بن مسعود
338,من هن الأيامى؟, لا أزواج لهن
339,ما هي السورة التي ورد لفظ الجلالة (الله) في كل آية من آياتها؟, سورة المجادلة
340,ما هي السورة التي تسمى براءة؟, التوبة
341,ما هي الصلاة التي يركع فيها المصلي أربع ركعات ويسجد أربع مرات؟, الخسوف والكسوف
342,ما الاسم الذي يطلق على الذين آمنوا بعيسى عليه السلام؟, الحواريون
343,ماذا كان اسم ناقة الرسول صلى الله عليه وسلم؟, القصواء
344,كم مرة حج الرسول صلى الله عليه وسلم؟, مرة واحدة
345,ما هي السورة التي تبدأ ب(المر)؟, سورة الرعد
346,ما هي عدة الأرملة غير الحامل؟, 4 أشهر و 10 أيام
347,من هو النبي الذي صام عن الكلام ثلاثة أيام؟, زكريا عليه السلام
348,من أي أبواب الجنة يدخل الصائمون يوم القيامة؟, الريان
349,كم عدد السور التي بدأت ب(الحمدلله)؟, 5 سور
350,ما هي السورة التي يطلق عليها قلب القرآن؟, سورة يس
351,كم عدد السور التي تبدأ ب(حم)؟, 7
352,لمن أرسل النبي هود؟, عاد
353,ما هي السورة التي يوجد بها بسملتين؟, سورة النمل
354,ما السورة التي ابتدأت باسم ثمرتين؟, التين
355,ما هو عدد حملة العرش في القرآن الكريم؟, 8
356,في أي سورة ذكرت قصة هابيل وقابيل؟, سورة المائدة
357,لمن أرسل النبي صالح؟, ثمود
358,كم عدد السور في القرآن الكريم؟, 114 سورة
359,ما هي السورة التي وردت فيها سجدتين في القرآن الكريم؟, سورة الحج
360,من الذي عدلت شهادته شهادة الرجلين؟, خزيمة بن ثابت
361,ما هي السورة التي تعدل ربع القرآن؟, سورة الكافرون
362,من هو الملقب بذي النورين؟, عثمان بن عفان
363,كم عدة المرأة المطلقة؟, 3 أشهر
364,ما اسم خازن الجنة؟, رضوان
365,متى كانت غزوة بدر الأولى؟, 2 هـ
366,من هو الصحابي الذي لقب بأمين هذه الأمة؟, أبو عبيدة الجراح
367,من هو الصحابي الذي سماه الرسول صلى الله عليه وسلم بغسيل الملائكة؟, حنطلة بن أبي عامر
368,من هو الصحابي الجليل الملقب بأبو المساكين؟, جعفر بن أبي طالب
369,ما هي السورة التي يطلق عليها عروس القرآن؟, الرحمن
370,من هو حواري الرسول صلى الله عليه وسلم؟, الزبير بن العوام
371,من قاتل عمر بن الخطاب؟, أبو لؤلؤة المجوسي
372,من هو الصحابي الذي لقب بشبيه الملائكة؟, عمران بن الحصين
373,ما هي السورة التي لا تحتوي على حرف الميم؟, سورة الكوثر
374,من آخر نساء النبي صلى الله عليه وسلم موتا؟, أم سلمة
375,"من هي المقصودة بقوله تعالى: ""قد سمع الله قول التي تجادلك في زوجها""؟", خولة بنت ثعلبة
376,من هو الصحابي الذي سيبعث وحيدا؟, أبو ذر الغفاري
377,كم عدد السور التي أسمها على أسماء الأنبياء؟, 6 سور
378,ما اسم طعام المأتم الذي يقدم عند الوفاة؟, الوضيمة
379,في أي سورة ورد اسم القيامة (الصاخة)؟, سورة عبس
380,من الصحابي الذي دافع عن النبي صلى الله عليه وسلم في معركة أحد حتى شلت يمينه؟, طلحة بن عبيد الله
381,من هو ترجمان القرآن؟, عبدالله بن عباس
382,من هو أول فدائي في الإسلام؟, علي بن أبي طالب
383,أول من أسلم من الصحابة من الرجال؟, أبو بكر الصديق
384,من هو جندب بن جنادة؟, أبو ذر الغفاري
385,من هو الصحابي الملقب بسيد الفوارس؟, أبو موسى الأشعري
386,من هو أول من حصل على لقب سيد الشهداء؟, حمزة بن عبدالمطلب
387,من هو الصحابي الملقب بداهية العرب؟, عمرو بن العاص
388,من هو الذي كانت تستحي منه الملائكة؟, عثمان بن عفان
389,من هو أمين الرسول صلى الله عليه وسلم؟, حذيفة بن اليمان
390,أين رست سفينة نوح بعد الطوفان؟, جبل الجودي
391,الشهر الخامس في التقويم الهجري؟, جمادى الأول
392,من هو الصحابي الذي افتداه الرسول صلى الله عليه وسلم بأبيه وأمه؟, سعد بن أبي وقاص
393,ما اسم الفتى الذي كان يصاحب موسى عليه السلام في رحلته مع الخضر؟, يوشع بن نون
394,ما هي المعركة التي كانت سببا في تعجيل المسلمين بجمع القرآن؟, معركة اليمامة
395,من هو الصحابي الذي أوتي مزمارا من مزامير داوود عليه السلام؟, أبو موسى الأشعري
396,في أي غزوة استشهد الصحابي جعفر بن أبي طالب؟, غزوة مؤتة
397,أول من أنشأ جهاز شرطة في الإسلام؟, عثمان بن عفان
398,من القوم الذين أهلكهم الله بالطاغية؟, قوم ثمود
399,أين ورد قوله تعالى (واتقوا يوما ترجعون فيه إلى الله ثم توفى كل نفس ما كسبت وهم لا يظلمون)؟, سورة البقرة
400,قال رسول الله صلى الله عليه وسلم: (من صلى البردين دخل الجنة) ما هما البردين؟, الفجر والعصر
401,ما أول معركة وقعت بين المسلمين والروم؟, أجنادين
402,من هو قائد المسلمين في معركة عين جالوت؟, سيف الدين قطز
403,في أي سنة هجرية كانت غزوة أحد؟, 3 هـ
404,قال تعالى في سورة الغاشية ((14) و نمارق مصفوفة) ما المقصود بالنمارق؟, الوسائد
405,ذكر الله تعالى في سورة المدثر كلمة (سقر) فماذا تعني؟, اسم من أسماء جهنم
406,قوم أي من الأنبياء كانوا يعبدون الأيكة؟, شعيب عليه السلام
407,كم مرة ذكر سيدنا موسى عليه السلام في القرآن الكريم؟, 136 مرة
408,من قائل هذا الدعاء (رب بما أنعمت علي فلن أكون ظهيرا للمجرمين)؟, موسى عليه السلام
409,من السبع الموبقات؟, قذف المحصنات المؤمنات الغافلات
410,في أي سورة وردت هذه الآية الكريمة (ويسألونك عن الجبال فقل ينسفها ربي نسفا* فيذرها قاعا صفصفا)؟, سورة طه
411,من هو النبي الذي دعى ربه أن يهبه غلاما زكيا؟, زكريا عليه السلام
412,قال تعالى في سورة ص (وشددنا ملكه وآتيناه الحكمة وفصل الخطاب(20)) من المقصود بالآية الكريمة؟, داوود عليه السلام
413,كم عدد آيات سورة البقرة؟, 286 آية
414,احدى هذه السور تبدأ بالحروف المقطعة (الم)؟, البقرة
415,في أي سورة وردت قصة طالوت؟, سورة البقرة
416,من هو النبي الذي أمره الله بأن يأخذ الكتاب بقوة؟, يحيى عليه السلام
417,قال تعالى في سورة هود (وأخذت الذين ظلموا فأصبحوا في ديارهم جاثمين) من هم القوم الذين أهلكهم الله في هذه الآية؟, قوم مدين
418,قال تعالى (كذبت قبلهم قوم نوح فكذبوا عبدنا وقالوا مجنون وازدجر) في أي سورة وردت هذه الآية؟, سورة القمر
419,قال تعالى في سورة الواقعة (في سدر مخضود) ما معنى مخضود؟, لا شوك فيه
420,كيف أهلك قوم هود؟, ريح صرصر عاتية
421,متى وقعت غزوة الخندق؟, 5 هـ
422,من هي النصرانية التي أسلمت ثم تزوجها الرسول صلى الله عليه وسلم؟, ماريا القبطية
423,من أول من أمر بجمع القرآن الكريم؟, أبو بكر الصديق
424,كم سنة دامت خلافة علي بن أبي طالب كرم الله وجهه؟, 6 سنوات
425,من الصحابة العشر المبشرين بالجنة؟, سعيد بن زيد بن عمرو بن نفيل
426,من هو النبي الذي علم منطق الطير؟, سليمان عليه السلام
427,من هو النبي الذي قبضت روحه في السماء؟, ادريس عليه السلام
428,احدى أمهات المؤمنين رضي الله عنهن تلقب بأم المساكين فمن هي؟, زينب بنت خزيمة الهلالية
429,كم عدد أخوة النبي يوسف عليه السلام؟, 11
430,إلى كم جزء ينقسم القرآن الكريم؟, ثلاثون جزءا
431,"كم مرة تكررت الآية: ""فبأي آلاء ربكما تكذبان""؟", 31 مرة
432,"ما هي السورة التي تبدأ بقوله تعالى: ""يا أيها النبي اتق الله ولا تطع الكافرين والمنافقين إن الله كان عليما حكيما""؟", سورة الأحزاب
433,ما هي السورة التي كانت سببا في إسلام عمر بن الخطاب رضي الله عنه؟, طه
434,ماذا تعني النفاثات في العقد؟, النساء الساحرات
435,ما هي أعظم سورة في القرآن الكريم؟, سورة الفاتحة
436,"ما هي السورة التي تنتهي بقوله تعالى ""واعبد ربك حتى يأتيك اليقين""؟", سورة الحجر
437,ما هي السورة التي تقع بين سورتي يوسف وابراهيم؟, الرعد
438,ما هي السورة التي تعدل ثلث القرآن؟, سورة الإخلاص
439,كم عدد السجدات في القرآن الكريم؟, 15
440,كم عدد أيام الحج؟, ستة أيام
441,ماذا يطلق على يوم النحر في القرآن الكريم؟, يوم الحج الأكبر
442,في أي يوم من أيام الحج يوم عرفة العظيم؟, التاسع من ذي الحجة
443,كم مرة حج الرسول صلى الله عليه وسلم؟, مرة واحدة
444,هل الحج من أركان الإسلام؟, نعم
445,يعتبر الحج من أركان؟, الإسلام
446,ماهو حكم الحج في الإسلام؟, فرض على من استطاع
447,كم مرة يطوف الحاج حول الكعبة؟, سبع مرات
448,في أي شهر يحج المسلمون؟, شهر ذي الحجة
449,يجب على المسلم الوقوف في..؟, عرفات
450,في أي عام ميلادي توفي النبي محمد صلى الله عليه وسلم؟, 632 م
451,ما هو أضعف البيوت كما ذكر في القرآن الكريم؟, بيت العنكبوت
452,قال تعالى في سورة القلم: (فأصبحت كالصريم (20)) ما المقصود بالصريم؟, الليل الأسود
453,متى احتفل المسلمون بعيد الفطر؟, 2 هـ
454,في أي يوم خلق آدم عليه السلام؟, يوم الجمعة
455,من هو قائد المسلمين في معكرة القادسية؟, سعد بن أبي وقاص
456,من هي الملقبة بذات النطاقين؟, أسماء بنت أبي بكر
457,ما اسم الذبيحة التي تذبح عن المولود وهي سنة مؤكدة؟, العقيقة
458,قال تعالى: (والذاريات ذروا) ما المقصود بالذاريات؟, الرياح
459,من هو خطيب الرسول صلى الله عليه وسلم؟, ثابت بن قيس
460,قال تعالى: (كأنهم حمر مستنفرة(50) فرت من قسورة) ما معنى قسورة؟, أسد
461,نوع من أنواع الربا يقوم على التفاضل في الجنس الواحد ماذا يسمى؟, ربا الفضل
462,من قائل هذا الدعاء: (رب بما أنعمت علي فلن أكون ظهيرا للمجرمين)؟, موسى عليه السلام
463,ما هي السورة التي ورد فيها ذكر الذباب؟, الحج
464,من آخر من توفى من الصحابة؟, أبو الطفيل عامر بن وائلة
465,من هو النبي الذي كفل مريم العذراء؟, زكريا عليه السلام
466,ما هو اسم أبو جهل؟, عمرو بن هشام
467,ما هو أول مسجد في الإسلام؟, مسجد قباء
468,من هو الصحابي الملقب بترجمان القرآن؟, عبدالله بن عباس
469,ما هي السورة التي تقع في نصف القرآن؟, سورة الكهف
470,من هي أم اسحاق عليه السلام؟, سارة
471,ما اسم الطعام الذي يقدم للإحتفال بالزواج؟, الوليمة
472,من معجزات الرسول محمد صلى الله عليه وسلم؟, انشقاق القمر
473,ما هي السورة التي لا تحوي حرف الميم؟, سورة الكوثر
474,من هو النبي الذي ارسل الى قوم ثمود؟, صالح
475,الصحراء الذي أقام فيها موسى مع قومه بعد أن أنجاهم الله من فرعون؟, صحراء سيناء
476,من هم القوم الذي أرسل لهم الله الناقة؟, قوم ثمود
477,كم عدة المرأة المتوفي زوجها؟, أربع أشهر وعشرة أيام
478,ما اسم والدة النبي صلى الله عليه وسلم؟, آمنة بنت وهب
479,كم كانت مدة الدعوة سرا؟, 3 سنوات
480,ما اسم طعام المأتم الذي يقدم عند الوفاة؟, الوضيمة
481,ما هي الصلاة التي يركع فيها المصلي أربع مرات ويسجد أربع مرات؟, صلاة الخسوف والكسوف
482,في أي سورة وردت هذه الآية الكريمة (فقلت استغفروا ربكم إنه كان غفارا (10) يرسل السماء عليكم مدرارا (11))؟, سورة نوح
483,اسم المعركة التي انتصر فيها جيش المسلمين على المغول؟, معركة عين جالوت
484,من هو النبي الذي سخر له الجبال تسبح معه؟, داوود عليه السلام
485,كم عدد المواضع التي اقسم الله بنفسه في القرآن الكريم؟, 7 مواضع
486,من هي مرضعة الرسول صلى الله عليه وسلم؟, حليمة السعدية
487,من هو الصحابي الذي اشترى بئر رومة في المدينة من اليهودي ووهبه للمسلمين؟, عثمان بن عفان
488,كم عدد الغزوات التي قاتل فيها الرسول صلى الله عليه وسلم؟, 9 غزوات
489,من هو النبي الذي آتاه الله العلم والحكمة وسخر له الجبال والطير يسبحن معه؟, داوود عليه السلام
490,كم عدد أبواب النار؟, 7 أبواب
491,كم سنة دامت خلافة أبو بكر الصديق رضي الله عنه؟, سنتان
492,من السبع الموبقات؟, الشرك بالله
493,قال رسول الله صلى الله عليه وسلم: (هذا خالي فليرني امرِ خاله) فمن هو الصحابي الذي يقصده؟, سعد بن أبي وقاص
494,من من الخلفاء الراشدين كان الأكبر سنا عندما لقي ربه؟, عثمان بن عفان
495,الشهر الخامس في التقويم الهجري؟, جمادى الأول
496,متى وقعت غزوة الخندق؟, 5 هـ
497,ما هو اسم أبو جهل؟, عمرو بن هشام
498,ما هي آخر سورة نزلت في القرآن الكريم؟, النصر
499,كم دامت خلافة عثمان بن عفان رضي الله عنك؟, 12 سنة
500,ما هي السورة القرآنية التي يبكي فيها الشيطان عند سماعها؟, سورة السجدة
501,أين يوجد البيت المعمور؟, في السماء
502,ما هي المدة التي نام فيها أهل الكهف؟, 309 سنة
503,في أي سنة شرع شهر رمضان المبارك؟, 2 هـ
504,ما هي الغزوة التي أسرت فيها الشيماء شقيقة الرسول صلى الله عليه وسلم في الرضاعة؟, غزوة حنين
505,كم عدد الأشهر الحرم؟, أربعة أشهر
506,كم عدد أبناء الرسول صلى الله عليه وسلم؟, سبعة أبناء
507,من أول من أسلم من الرجال؟, أبو بكر الصديق
508,من أول من أسلم من الأنصار؟, جابر بن عبد الله
509,ما هي أصغر سورة في القرآن الكريم؟, الكوثر
510,في أي سنة للهجرة توفي الرسول صلى الله عليه وسلم؟, 11 هـ
511,من السبع الموبقات؟, أكل الربا
512,متى لقب أبو بكر بالصديق؟, في حادثة الإسراء والمعراج
513,من مؤلف كتاب الجامع الصحيح؟, الإمام البخاري
514,نوع من أنواع الربا يقوم على التفاضل في الجنس الواحد ماذا يسمى؟, ربا الفضل
515,ما اسم الزوجة الرابعة بالترتيب التي تزوجها النبي صلى الله عليه وسلم؟, حفصة بنت عمر
516,اسم المعركة التي انتصر فيها جيش المسلمين على المغول؟, معركة عين جالوت
517,من هو الصحابي الملقب بذي النورين؟, عثمان بن عفان
518,ما هو الاسم الذي يطلق على الزيادة في الدين نظير الأجل أو الزيادة فيه؟, ربا النسيئة
519,كم سنة دامت خلافة أبو بكر الصديق رضي الله عنه؟, سنتان
520,قال تعالى في سورة الذاريات (فالجاريات يسرا) المقصود بالجاريات في الآية هو؟, السفن
521,من هي المرأة التي نذرت ما في بطنها محررا؟, امرأة عمران
522,من هو النبي الذي لقب بالصديق؟, يوسف عليه السلام
523,الشهر الثامن في التقويم الهجري؟, شعبان
524,من هو خطيب الرسول صلى الله عليه وسلم؟, ثابت بن قيس
525,من هو النبي الذي قبضت روحه في السماء؟, ادريس عليه السلام
526,قال تعالى في سورة القلم (فأصبحت كالصريم (20)) ما المقصود بالصريم؟, الليل الأسود
527,ما اسم الآية التي تنتهي آياتها بحرف السين؟, الناس
528,إلى أي قوم أرسل نبي الله شعيب عليه السلام؟, قوم مدين
529,في أي سورة وردت الآية (يا أيها الناس اتقوا ربكم إن زلزلة الساعة شيء عظيم)؟, سورة الحج
530,ما هي السورة التي تقع البسملة في وسطها؟, سورة النمل
531,"كم مرة ورد لفظ ""بسم"" في القرآن الكريم؟", 7 مرات
532,"ما معنى ""القطر"" في قوله تعالى (وأسلنا له عين القطر)؟", النحاس
533,ما هو اللون الذي كانت تكسى به الكعبة قبل اللون الأسود؟, الأخضر
534,المسجد الأقصى هو ثاني مسجد وضع في الأرض بعد المسجد الحرام بمدة قدرها؟, 40 سنة
535,متى فتح المسلمون مكة المكرمة؟, 8 هـ
536,من الذي شيد قبة الصخرة المشرفة في القدس؟, عبدالملك بن مروان
537,كيف أهلك الله قوم لوط؟, بحجارة مسومة
538,من هو الملقب بأسد الله الغالب؟, علي بن أبي طالب
539,من هو النبي الذي يقتل المسيح الدجال؟, عيسى عليه السلام
540,من أول من لبس السروال؟, ابراهيم عليه السلام
541,من أول من صنف تفسير القرآن الكريم بالإسناد؟, مالك بن أنس
542,من أول من قاتل بالسيف؟, ابراهيم عليه السلام
543,ما أول هدية الى الرسول صلى الله عليه وسلم بالمدينة؟, قطعة خبز وسمن ولبن
544,من هو الكافر الذي اعتبر رأس الكفر وفرعون الأمة؟, أبو جهل
545,ما هي السورة التي لا تبدأ بالبسملة؟, التوبة
546,قال رسول الله صلى عليه وسلم (هذا خالي فليرني امرؤ خاله) فمن هو الصحابي الذي يقصده؟, سعد بن أبي وقاص
547,من أسماء الخيل التي ذكرت في القرآن الكريم ما هي؟, العاديات
548,ما هي نسبة الزكاة من المال الفائض بلغ النصاب؟, 2.5 بالمئة
549,ما المقصود بقوله تعالى (من ذا الذي يقرض الله قرضا حسنا؟, الصدقة
550,كم عدد الغزوات التي قاتل فيها الرسول صلى الله عليه وسلم؟, 9 غزوات
551,ما هي السورة التي بدأت وانتهت بالتسبيح؟, سورة الحشر
552,أي من الأسماء التالي هو من أسماء الملائكة المذكور في القرآن الكريم؟, الزاجرات
553,من هو النبي الذي قبضت روحه في السماء؟, ادريس عليه السلام
554,في أي شهر يوافق يوم عاشوراء؟, شهر محرم
555,من أول مرضعة للرسول صلى الله عليه وسلم؟, ثويبة الأسلمية
556,قال تعالى (كذبت قبلهم قوم نوح فكذبوا عبدنا وقالوا مجنون وازدجر) في أي سورة وردت هذه الآية؟, سورة القمر
557,من السبع الموبقات؟, التولي يوم الزحف
558,ما السورة التي ذكرت فيها قصة هابيل وقابيل؟, سورة المائدة
559,في أي عام وقعت غزوة بني النضير؟, 5 هـ
560,من هو الصحابي الذي أوتي مزمارا من مزامير داوود عليه السلام؟, أبو موسى الأشعري
561,قال تعالى (كأنهم حمر مستنفرة (50) فرت من قسورة) مامعنى قسورة؟, أسد
562,ما اسم الصحابي الجليل أبو هريرة؟, عبدالرحمن بن صخر الدوسي
563,من هو مؤذن الرسول صلى الله عليه وسلم؟, بلال بن رباح
564,قال تعالى في سورة القمر (فنادوا صاحبهم فتعاطى فعقر) من هم القوم الذين تحدثن عنهم الآية؟, قوم ثمود
565,ما اسم خازن الجنة؟, رضوان
566,في أي سنة كان صلح الحديبية؟, 6 هـ
567,ما السور التي ختمت باسم وقت من أوقات الصلاة؟, سورة القدر
568,ما اسم أم النبي اسماعيل عليه السلام؟, هاجر
569,من هو النبي الذي أقسم بحياته في القرآن الكريم؟, محمد صلى الله عليه وسلم
570,في أي غزوة استشهد الصحابي جعفر بن أبي طالب؟, غزوة مؤتة
571,من هو أول داعية إسلامي؟, مصعب بن عمير
572,اسم المعركة التي انتصر فيها جيش المسلمين على المغول؟, معركة عين جالوت
573,قائد المسلمين في معركة عين جالوت؟, سيف الدين قطز
574,من قائل لولا أن الموت أتاني لجعلت كل الدول الأوروبية إسلامية هو؟, صلاح الدين الأيوبي
575,من هو الخليفة الراشدي الذي قاد حروب الدرة؟, أبو بكر الصديق
576,ما هي الدولة التي حكمت العالم الإسلامي بعد مرحلة الخلافة الراشدية؟, الدولة الأموية
577,كم كان عدد المشركين في غزوة بدر؟, 950
578,من هو أول خلفاء الدولة الأموية؟, معاوية بن أبي سفيان
579,متى فتح الفاروق عمر القدس الشريف؟, 15 هـ
580,كيف أهلك الله قوم لوط؟, بحجارة مسومة
581,من هو النبي الذي كانت تسبح معه الجبال؟, داوود عليه السلام
582,سورة بدأت بالحمدلله مثل سورة الفاتحة؟, سورة فاطر
583,كم عدد السور التي ابتدأت بالحروف المقطعة (ألم)؟, 6 سور
584,في أي جهة يقع باب الكعبة المشرفة؟, الجهة الشرقية من الكعبة
585,من صاحب هذا الدعاء (ربنا اغفر لي ولوالدي وللمؤمنين يوم يقوم الحساب)؟, ابراهيم عليه السلام
586,كم عدد أولاد وبنات النبي صلى الله عليه وسلم؟, 7
587,ما هو عدد حملة العرش يوم القيامة والمذكورين في القرآن الكريم؟, 8
588,من أول من أسلم من الصبيان؟, علي بن أبي طالب
589,ما هو مقدار زكاة الثمار والزرع في حالة الري دون كلفة؟, العشر
590,أين ورد قوله تعالى (واصبر لحكم ربك فإنك بأعيننا وسبح بحمد ربك حين تقوم ومن الليل فسبحه وإدبار النجوم)؟, سورة الطور
591,قال تعال في سورة التين (وهذا البلد الأمين (3)) ما هو البلد الأمين؟, مكة المكرمة
592,من هو النبي الذي آتاه الله العلم والحكمة وسخر له الجبال والطير يسبحن معه؟, داوود عليه السلام
593,احدى أمهات المؤمنين رضي الله عنهن تلقب بأم المساكين فمن هي؟, زينب بنت خزيمة الهلالية
594,كم عدد التكبيرات في الركعة الأولى في صلاة العيد؟, 7 تكبيرات
595,كم عدد بنات النبي صلى الله عليه وسلم؟, أربعة بنات
596,قال تعالى (والذاريات ذروا) ما المقصود بالذاريات؟, الرياح
597,من هو النبي الذي أرسل الى قوم عاد؟, هود عليه السلام
598,قال تعال في سورة القصص (فخسفنا به وبداره الأرض) من هو الذي خسف الله به الأرض؟, قارون
599,من هو النبي الذي كانت زوجته كافرة؟, لوط عليه السلام
600,من هو الصحابي الذي كان يلقب بأبي المساكين وحين استشهد لقب بذي الجناحين؟, جعفر بن أبي طالب
601,بماذا لقب اسماعيل عليه السلام؟, الذبيح
602,كيف أهلك الله قوم لوط؟, بحجارة مسومة
603,من هو أول ملك فرعوني آمن بالتوحيد؟, اخناتون
604,من من الخلفاء الراشدين كان الأكبر سنا عندما لقى ربه؟, عثمان بن عفان
605,في أي عام هجري توفي أمير المؤمنين عمر بن الخطاب؟, 23 هـ
606,كم سنة دامت خلافة عثمان بن عفان رضي الله عنه؟, 12 سنة
607,كم عدد زوجات الرسول صلى الله عليه وسلم؟, 11
608,ما هو لقب حمزة بن عبدالمطلب؟, أسد الله
609,من هي آخر زوجة تزوجها الرسول صلى الله عليه وسلم؟, ميمونة بن الحارث
610,كم مرة حج الرسول صلى الله عليه وسلم؟, مرة واحدة
611,في أي سورة ورد اسم يوم القيامة (الطامة)؟, سورة النازعات
612,ما هو الشيء الذي ذكر في القرآن أنه يتنفس ولا روح له؟, الصبح
613,الأنفال، كلمة وردت في القرآن الكريم فماذا تعني؟, الغنائم
614,ماذا كان اسم ناقة الرسول صلى الله عليه وسلم؟, القصواء
615,في أي سنة توفي الرسول صلى الله عليه وسلم؟, 11 هـ
616,من أول من قتل من المشركين في غزوة بدر الكبرى؟, الأسود بن عبد الأسد المخزومي
617,ما اسم والدة مريم العذراء؟, حنة
618,كم عدد المواضع التي أقسم الله بنفسه في القرآن الكريم؟, 7 مواضع
619,ما هو ثاني مسجد في الإسلام؟, المسجد النبوي الشريف
620,ما أول ما نزل من التوراة؟, بسم الله الرحمن الرحيم
621,من أول من هاجر من المسلمين إلى الحبشة؟, حاطب بن عمرو
622,كم عدد من قتل من المسلمين في غزوة مؤتة؟, 12
623,ما هي السورة التي تسمى سورة المنافقين؟, سورة التوبة
624,ما اسم امرأة لوط؟, والهة
625,في أي سنة حج النبي صلى الله عليه وسلم حجة الوداع؟, في السنة العاشرة
626,ما هي صلاة البردين؟, الفجر والعصر
627,من أكثر الأنبياء ذكراً بالقرآن؟, موسى عليه السلام
628,من سمى الجمعة الجمعة؟, كعب بن لؤي
629,ماهي السورة التي تسمى القتال؟, سورة محمد
630,ما هو الطائر الذي تحدث مع النبي سليمان عليه السلام؟, الهدهد
631,من هو أول داعية في تاريخ الإسلام؟, مصعب بن عمير
632,ماذا كانت تعبد ملكة سبأ بلقيس وقومها من دون الله؟, الشمس
633,من هو أول من بنى السجون في الإسلام؟, علي بن أبي طالب
634,من هي أول فدائية في الإسلام؟, أسماء بنت أبي بكر
635,ما هو أول ما يرفع من أعمال هذه الأمة؟, الصلاة
636,ما هي كفارة الحلف بالله؟, إطعام عشرة مساكين
637,في أي الصلوات يجتمع ملائكة الليل والنهار؟, صلاة الفجر والعصر
638,متى أسلم أبو قحافة والد أبي بكر؟, في عام الفتح
639,على من يطلق لقب المصدود؟, الذي يمنع من الحج
640,كم تعادل الصلاة في المسجد الحرام؟, مئة ألف صلاة
641,من هو أول جبار لعنه الله في الأرض؟, النمرود
642,صيام هذا اليوم يكفر السنة التي قبله والسنة التي بعده؟, يوم عرفة
643,عندما نزلت الصلاة أول مرة كان عددها...؟, خمسين صلاة
644,كم سنة ضلت الدعوة الإسلامية سرا؟, ثلاث سنوات
645,الطيور التي أرسلها الله تعالى لإنقاذ الكعبة من أبرهة كانت تحمل؟, حجارة من سجيل
646,كم عدد أيام الحج؟, ستة أيام
647,ما هو اسم الجبل الذي رست عليه سفينة نوح عليه السلام؟, الجودي
648,كانت لقريش رحلتان في فصلي؟, الشتاء والصيف
649,ما هو العذاب الذي وقع على قوم ثمود؟, الصيحة
650,قال تعال (وزرابي مبثوثة) سورة الغاشية (16)، ما المقصود ب(زرابي)؟, الطنافس
651,ما المقصود بيوم الفرقان الذي ذكره الله تعالى في القرآن الكريم؟, غزوة بدر
652,قال تعالى (وفرعون ذي الأوتاد) سورة الفجر (10)، ما المقصود ب(الأوتاد)؟, الأهرام
653,ما السورة التي سميت بسورة الكليم؟, سورة طه
654,من هو أول من سمى القرآن مصحفا؟, أبو بكر الصديق
655,ما هي السورة التي بدأت بإسم أحد الجبال؟, سورة الطور
656,ما معنى قوله تعاله (وطلح منضود)؟, الموز
657,ما هي السورة التي تنتهي جميع آياتها بحرف الدال؟, سورة الإخلاص
658,ما هي أول آية نزلت في القرآن الكريم؟, اقرأ باسم ربك الذي خلق
659,كم استغرق نزول القرآن الكريم؟, 23 سنة
660,من هو أول نبي تحدث باللغة العربية؟, اسماعيل عليه السلام
661,من هو النبي الذي يلقب بإسرائيل؟, يعقوب عليه السلام
662,كم كان يبلغ طول آدم عليه السلام؟, 60 ذراعا
663,من هو النبي الذي آمن به جميع قومه؟, يونس عليه السلام
664,من هو النبي الذي أمره الله تعالى أن يأخذ الكتاب بقوة؟, يحيى عليه السلام
665,من هو أول نبي خاط الثياب ولبسها؟, إدريس عليه السلام
666,كم نبيا ذكر في سورة الأنبياء؟, 16 نبيا
667,كم كان عدد إخوة يوسف عليه السلام؟, 11
668,من هو النبي الذي كان قومه ينحتون الجبال بيوتا؟, صالح عليه السلام
669,كم مكث سيدنا ابراهيم عليه السلام في النار التي ألقي بها؟, سبعة أيام
670,من هو أول من جعل تاريخ الهجرة النبوية بداية للتاريخ؟, عمر بن الخطاب
671,من هو الصحابي الذي أكل مع الرسول صلى الله عليه وسلم يوم خيبر من الشاه المسمومة ومات؟, بشر بن البراء
672,من أول من استشهد من الصحابة في المعارك؟, عبيدة بن الحارث
673,من هو الملقب بالجواد بن الجواد؟, قيس بن سعد
674,من هو الصحابي الذي استمعت إاليه الملائكة وهو يقرأ سورة البقرة؟, أسيد بن حضير
675,من القائل: (فلا نامت أعين الجبناء)؟, خالد بن الوليد
676,من هو الصحابي الملقب بيوسف هذه الأمة؟, جرير بن عبدالله
677,من هو أول من رمى بسهم في سبيل الله؟, سعد بن أبي وقاص
678,عندما توفي قال عنه عمر: مات اليوم سيد المسلمين، فمن هو؟, أبي بن كعب
679,من هو الصحابي الذي تولى حراسة الرسول صلى الله عليه وسلم يوم بدر؟, سعد بن معاذ
680,ما هو نصاب الذهب الذي تجب فيه الزكاة؟, 85 جرام
681,كم مرة يدفع المسلمون الزكاة؟, سنويا
682,ما هي السورة التي ذكرت البسملة فيها مرتين؟, سورة النمل
683,ما هو أكبر رقم في القرآن الكريم؟, مئة ألف
684,من هو أول من يقرع باب الجنة؟, محمد صلى الله عليه وسلم
685,ماذا كان يعمل نبي الله نوح عليه السلام؟, نجار
686,من هو النبي الذي ظهرت عند قدميه مياه زمزم؟, اسماعيل عليه السلام
687,أين توفي بلال بن رباح؟, دمشق
688,ما هي السورة التي تعدل ثلث القرآن الكريم؟, سورة الإخلاص
689,من هو رفيق الرسول صلى الله عليه وسلم في رحلة الهجرة؟, أبو بكر الصديق
690,أين ولد عليه الصلاة والسلام؟, في مكة المكرمة
691,كم كان عمر الرسول صلى الله عليه وسلم عندما سافر إلى الشام لأول مرة مع عمه أبي طالب؟, 12 سنة
692,ما هو لقب الرسول صلى الله عليه وسلم؟, الصادق الأمين
693,كم عدد الغزوات التي قاتل فيها الرسول صلى الله عليه وسلم؟, تسع غزوات
694,بعث الرسول محمد صلى الله عليه وسلم لدعوة؟, الناس جميعا
695,ماذا كانت عائشة رضي الله عنها بالنسبة إلى الرسول محمد صلى الله عليه وسلم؟, زوجته
696,من هي أُم الرسول صلى الله عليه وسلم؟, آمنة بنت وهب
697,من هو أمين سر الرسول صلى الله عليه وسلم؟, حذيفة بن اليمان رضي الله عنه
698,ما هي الغزوة التي جُرح فيها الرسول صلى الله عليه وسلم وشُجّ رأسه وكُسرت سنه؟, غزوة أحد
699,ما هي معجزة الرسول صلى الله عليه وسلم الخالدة؟, القرآن الكريم
700,ما هي السورة تعدل ثلث القرآن؟, سورة الإخلاص
701,فيمن نزلت هذه الآيات (وَسَيُجَنَّبُهَا الأَتْقَى الَّذِي يُؤْتِي مَالَهُ يَتَزَكَّى وَمَا لأَحَدٍ عِنْدَهُ مِنْ نِعْمَةٍ تُجْزَى إِلاَّ ابْتِغَاءَ وَجْهِ رَبِّهِ الأَعْلَى وَلَسَوْفَ يَرْضَى)؟, أبو بكر الصديق رضي الله عنه
702,سورة أمر الرسول صلى الله عليه وسلم أحد الصحابة بقراءتها قبل النوم لأنها براءة من الشرك .. فماهي؟, سورة الكافرون
703,من هما النبيان اللذان جاء ذكرهما في سورة واحدة في جزء عم؟, سيدنا إبراهيم وسيدنا موسى عليهما السلام
704,كم عدد السجدات الموجودة في جزء عم؟, سجدتان
705,أي من هذه الحيوانات ذكرت في جزء عم؟, الفيل
706,كم عدد سور جزء عم؟, 37 سورة
707,في أي سورة ذكرت هذه الآية (أَلَمْ يَجِدْكَ يَتِيمًا فَآوَىٰ (6))؟, سورة الضحى
708,كم عدد آيات سورة الكوثر؟, ثلاث آيات
709,سورة في جزء عم تنتهي بإسم سورة؟, سورة القدر
710,ما حكم الميم الساكنة في قوله تعالى (إليهم بهدية)؟, إخفاء شفوي
711,للميم الساكنة ثلاثة أحكام هي الإدغام، الإخفاء والإظهار؟, صح
712,ما حكم الميم الساكنة في قوله تعالى (إن كنتم صادقين)؟, الإظهار
713,تخفى الميم الساكنة إذا جاء بعدها حرف؟, الباء
714,ما حكم الميم الساكنة في الآية الكريمة (إن كنتم مؤمنين)؟, إدغام
715,إذا وقعت الميم المتحركة بعد الميم الساكنة وجب الإخفاء؟, خطأ
716,ما حكم الميم الساكنة في قوله تعالى (ذرأكم في الأرض)؟, الإظهار
717,إذا أتى بعد الميم الساكنة باء يكون حكم الميم إظهار؟, خطأ
718,ما هي حروف الإظهار في أحكام الميم الساكنة؟, جميع الحروف عادا الباء والميم
719,ما هي حروف الإدغام في أحكام الميم الساكنة؟, الميم
720,ما حكم النون الساكنة في (من ربهم)؟, إدغام بغير غنة
721,ما حكم التنوين في (سميعا بصيرا)؟, إقلاب
722,ما حكم النون المشددة في كلمة (جان)؟, غنة مقدارها حركتان
723,ما حكم النون الساكنة في (الدنيا)؟, إظهار مطلق
724,يجب إظهار النون الساكنة في كلمة (بنيان)؟, عبارة صحيحة
725,حروف الإدغام بغنة مجموعة في كلمة (يرملون)؟, خطأ
726,ما حكم التنوين في قوله تعالى (في جنة عالية)؟, إظهار
727,ما حكم النون في قوله تعالى (ألا إن أولياء الله لا خوف عليهم ولا هم يحزنزن)؟, غنة مقداراها حركتان
728,ماذا تمثل الحروف المجموعة في أوائل الكلمات الآتية: أخي هاك علما حازه غير خاسر؟, الإظهار
729,تقلب النون الساكنة والتنوين إلى ميم إذا جاء بعدها حرف؟, الباء
730,من هو مؤسس علم التجويد؟, الفراهيدي
731,ما حكم التنوين في قوله تعالى (وَإِنَّكَ لَعَلى خُلُقٍ عَظِيمٍ)؟, الإظهار
732,ما حكم المد في الآية الكريمة (وَلَا يُوثِقُ وَثَاقَهُ أَحَدٌ)؟, مد الصلة الكبرى
733,ما حكم اللام في لفظ الجلالة في قوله تعالى (أَلَيْسَ اللَّهُ بِأَحْكَمِ الْحَاكِمِينَ)؟, التفخيم
734,ما حكم النون الساكنة في قوله تعالى (أَيَحْسَبُ أَن لَّمْ يَرَهُ أَحَدٌ)؟, إدغام بدون غنة
735,ما حكم المد في الآية الكريمة (وَمَا أَدْرَاكَ مَا سَقَرُ)؟, مد منفصل
736,ما حكم التنوين في قوله تعالى (وَجَنَّاتٍ أَلْفَافًا)؟, إظهار
737,معنى الإظهار الحلقي اصطلاحا هو البيان والوضوح؟, خطأ
738,ما هو سبب الإظهار؟, التباعد
739,ما حكم النون المشددة في كلمة عم؟, غنة مقدارها حركتين
